{
  "accuracy": 0.9886264216972879,
  "precision": 0.991779213153259,
  "recall": 0.985414235705951,
  "f1": 0.9885864793678666,
  "roc_auc": 0.9991274055880062,
  "pr_auc": 0.9991934200373777,
  "tp": 1689,
  "tn": 1701,
  "fp": 14,
  "fn": 25,
  "prediction_bias": 0.058503167836322756,
  "prediction_variance": 0.09928370499826711
}